{
    "MAE": 0.03748962970413545,
    "RMSE": 0.12467399570971006,
    "R2 Score": 0.9869584561181122
}